uf;tribunal;separacao_folhas;grau_evidencia;tipos_folha;identificador;filtros;formatos;acesso;barreiras;mecanismo;url_quadro1;url_verificada;evidencia;implicacao;fonte;data_verificacao
AC;TCE-AC;consolida por competência;direta;"um registro por servidor e vínculo por mês; contracheque com categorias agregadas (base, função, eventual, auxílio, IRRF, previdência)";matrícula;mês, ano (2015 a 2026), grupo, lotação, busca por nome/matrícula/cargo;HTML;"acessível; a URL do Quadro 1 é do Poder Executivo estadual e o domínio tce.ac.gov.br não responde (portal atual em tceac.tc.br)";nenhuma observada;página HTML com dados e contracheques embutidos (JSON);https://transparencia.ac.gov.br/servidores;https://externo.tceac.tc.br/transparencia/servidoresAtivos/;"dez/2025: 294 registros sem campo de folha; a única matrícula repetida corresponde a dois vínculos (efetivo e comissionado)";"chave por matrícula e vínculo; 13º diluído em verbas eventuais";página consultada em 2026-09-15;2026-09-15
AL;TCE-AL;consolida por competência;direta;"dez/2025: 13º como rubricas da linha do mês (13o SAL C/INCID/PREV); rubricas repetidas com valores distintos (dois SUBSIDIO) indicam folhas somadas";matrícula;nome, cargo, mês, ano;XLSX, XML, JSON, CSV, PDF;acessível;API exige token emitido pela página;SPA com API autenticada por token emitido pela página;https://transparencia.tceal.tc.br/remuneracao_nominal;https://transparencia.tceal.tc.br/remuneracao_nominal;"a página consulta a API apenas com mes e ano; não há parâmetro de tipo de folha";"folha única por competência; rubricas repetidas precisam ser somadas";página consultada em 2026-09-15;2026-09-15
AM;TCE-AM;consolida por mês (conteúdo dos arquivos não inspecionado);indireta (estrutura dos arquivos mensais, sem abrir o conteúdo);"um arquivo por mês ('Portal Ativos MM-AAAA', PDF e XLSX); nenhum arquivo de 13º ou folha complementar; busca por 'complementar' sem resultado";não verificado (arquivos não abertos);"busca por nome de arquivo; navegação por pasta";PDF, XLSX;acessível (domínio redireciona para tceam.tc.br);"nenhuma; aposentados e pensionistas passaram à AMAZONPREV a partir de 05/2019";"repositório de arquivos por pasta (Ativos, Aposentados, Pensionistas; por ano)";https://transparencia.tce.am.gov.br/?page_id=9349;https://transparencia.tceam.tc.br/?page_id=9349;pasta Ativos/2025 com 13 arquivos mensais (inclui revisão '03-2025 (1)');"folha única por mês; confirmar no conteúdo das planilhas antes de integrar";página consultada em 2026-09-15;2026-09-15
AP;TCE-AP;consolida por competência;direta;"detalhe mensal com categorias agregadas (salário base, outras verbas remuneratórias, outras verbas, descontos); a partir de 08/2026 adota o Contracheque Único Nacional dos Membros (IN nº 36/2026 da Corregedoria Nacional de Justiça)";matrícula;ano, mês, vínculo, nome, cargo, lotação;"HTML; XLS/PDF/ODS por mês";acessível;nenhuma observada;página dinâmica com tabela e detalhe por servidor;https://www.tce.ap.gov.br/transparencia/folha-de-pagamento;https://tce.ap.gov.br/transparencia/folha-de-pagamento;"filtros da página sem tipo de folha; detalhe de agosto/2026 com uma competência e totais bruto/líquido";"folha única por competência; categorias agregadas impedem separar o 13º";página consultada em 2026-09-15;2026-09-15
BA;TCE-BA;separa folhas;direta;campo tipoFolha com as opções 'Mensal' e '13o Salário';matrícula;categoria (conselheiros, procuradores, servidores), tipo de folha, ano (2013 a 2026), mês;HTML;acessível;nenhuma observada;formulário de pesquisa com tabela;https://www.tce.ba.gov.br/institucional/transparencia/individual?view=pesquisa;https://www.tce.ba.gov.br/institucional/transparencia/individual?view=pesquisa;"select 'tipoFolha' no formulário; tabela com matrícula, nome, cargo, vínculo e admissão";chave inclui tipo de folha (mensal x 13º);página consultada em 2026-09-15;2026-09-15
CE;TCE-CE;separa folhas;direta;'Tipo de folha com identificador': Mensal (F2026001...), Suplementar (F2026011...), Adiantamento de décimo terceiro (F2026120), Suplementar - Parcela final do décimo terceiro;"nome (painel); identificador de folha próprio";nome, ano, competência, tipo de folha com identificador;painel SAS (exportação no próprio painel);"acessível (a URL do Quadro 1 leva à tela de login; os painéis públicos são linkados pela página de remuneração)";painel de BI dificulta coleta automatizada;"painéis de BI (SAS Visual Analytics): Parcelas Remuneratórias e Parcelas Indenizatórias até 06/2026; Contracheque Único a partir de 07/2026";https://viya.tce.ce.gov.br/SASVisualAnalytics/;https://www.tce.ce.gov.br/pessoal/remuneracao (painéis SAS Visual Analytics com acesso de convidado);em 06/2026 o mesmo colaborador aparece em duas linhas: 'Adiantamento de décimo terceiro' e 'Mensal';"chave inclui identificador da folha; matrícula não visível no painel";painel consultado em 2026-09-15;2026-09-15
DF;TCDF;separa folhas (uso irregular);direta;"folha mensal (0); em dez/2024 também FÉRIAS (12), 13º SALÁRIO (13) e FOLHA SUPLEMENTAR FINAL (21); demais meses verificados de 2020 a 2025 só com a folha (0)";matrícula;ano (desde 2020), mês, tipo de folha, nome/matrícula, cargo efetivo, cargo comissionado, função, lotação, situação funcional;"HTML; PDF, XLSX, CSV, TXT, XLS";acessível;nenhuma observada;"formulário com tipo de folha obrigatório; tipos por mês em endpoint JSON (tipos_folhas_referencia)";https://egesp.tc.df.gov.br/site/transparencia/rendimento_folha;https://egesp.tc.df.gov.br/site/transparencia/rendimento_folha;tipos de folha consultados para todos os meses de 2024 e 2025 e para dezembro de 2020 a 2023;chave inclui o código da folha;endpoint consultado em 2026-09-15;2026-09-15
ES;TCE-ES;consolida por competência;direta;"créditos e descontos por mês de referência; 13º como rubricas de dezembro (13º SALÁRIO INTEGRAL) e adiantamento em janeiro";matrícula;nome, matrícula, setor, cargo/função, situação;"HTML; CSV/PDF por mês";acessível;nenhuma observada;consulta HTML com histórico financeiro embutido (JSON) por servidor;https://www.tcees.tc.br/portal-da-transparencia/pessoal/servidores/;https://acessoidentificado.tcees.tc.br/Servidores;43.093 registros coletados (01/2020 a 03/2026), um por matrícula e mês, com rubricas de 13º dentro da competência;"folha única por competência; separar o 13º exige classificar rubricas";dados coletados pelo pipeline;2026-09-15
GO;TCE-GO;indeterminado;indireta (painel de servidores sem filtro de folha visível);"membros: demonstrativo de ago/2026 rotulado 'FOLHA NORMAL' (Contracheque Único, IN nº 36/2026); servidores: painel com ano, mês, cargo e colunas de remuneração, sem filtro de folha visível";"matrícula (membros); nome no painel de servidores";"ano, mês, cargo (painel); situação funcional e referência (membros)";"exportação no painel Qlik; PDF (membros)";acessível;"painel de BI; sistema antigo com código de verificação";"painel Qlik Sense para servidores; página de contracheque único para membros; sistema legado (até 2018) com código de verificação";https://paineis.tce.go.gov.br/sense/app/;"https://paineis.tce.go.gov.br/sense/app/36800e4f-43ec-4013-b1d5-52051fb0481a (servidores); https://egesp.tce.go.gov.br/gestaodepessoas/contrachequeunico/ (membros)";rótulo 'FOLHA NORMAL' no contracheque de membros indica tipificação da folha, mas não foi possível observar outras folhas no painel de servidores;verificar colunas do painel Qlik antes de integrar;páginas consultadas em 2026-09-15;2026-09-15
MA;TCE-MA;indeterminado;indireta (portal indisponível);não observado;não verificado;não verificado;não verificado;indisponível (HTTP 503);"portal fora do ar; a página de transparência do site institucional não traz link de remuneração";não verificável;https://app.tcema.tc.br/portaltransparencia/#/folha/;https://app.tcema.tc.br/portaltransparencia/;"HTTP 503 em 2026-09-14 e 2026-09-15; no Quadro 1 (maio/2026) a listagem existia, mas sem remuneração";sem dados para integrar;requisições em 2026-09-14 e 2026-09-15;2026-09-15
MG;TCE-MG;indeterminado (hipótese: separa);"indireta (coluna do CSV sem dicionário; portal com captcha)";"CSV do pipeline tem coluna com valores 1 e 2; o valor 2 concentra-se em dez, jul, nov e jan (hipótese: folha normal x complementar/13º)";matrícula;ano, mês, matrícula, cargo, natureza do cargo, nome (sem tipo de folha no formulário);CSV/XLSX mensal;acessível com captcha;captcha (hCaptcha) antes da consulta;SPA com API (listaItensResumidosFolha) acionada após captcha;https://transparencia.tce.mg.gov.br/#/remuneracao;https://transparencia.tce.mg.gov.br/ (remuneração de servidores);"Remuneracao_mg.csv com 234.180 linhas e coluna 1 em {1,2}; o código da página lista 21 campos (vencimento, vantagens eventuais, pagamento retroativo, devoluções etc.) sem campo de tipo de folha";chave inclui o tipo da coluna 1, marcado como hipótese no código;dados do pipeline e código da página;2026-09-15
MS;TCE-MS;separa folhas (mensal x 13º);direta;"'Mês de referência' com as opções Janeiro a Dezembro e 'Décimo Terceiro'; seções separadas de Outros Rendimentos e Contracheque Único";matrícula;ano de referência (2023 a 2026), mês de referência, nome/CPF;HTML;"acessível (URL do Quadro 1 retorna 404; portal migrou para transparencia.tce.ms.gov.br)";nenhuma observada;página dinâmica de consulta (rendimentos, outros rendimentos, contracheque único);https://www.tce.ms.gov.br/transparencia/gestao-pessoas/relacao-de-servidores;https://transparencia.tce.ms.gov.br/pessoal/rendimentos;"select de mês com a opção 'Décimo Terceiro'; tabela com matrícula, nome e mês/ano";chave inclui a referência (mensal ou 13º);página consultada em 2026-09-15;2026-09-15
MT;TCE-MT;consolida por mês (conteúdo dos PDFs não inspecionado);indireta (lista de PDFs mensais, sem abrir o conteúdo);"584 arquivos com período MENSAL ('REMUNERAÇÃO SERVIDORES - MÊS/AAAA') e 3 ANUAIS (lei de auxílios); nenhum arquivo de 13º ou folha complementar";não verificado (PDF);exercício (2016 a 2026), mês, categoria;PDF;acessível;"script antirrobô (F5 TSPD) carregado pelo portal; dados só em PDF";lista de arquivos PDF (ativos, inativos, valores indenizáveis);https://sigesp.tce.mt.gov.br/aplictransparencia/tce/?ug=128#/pessoal/servidores;https://sigesp.tce.mt.gov.br/aplictransparencia/tce/?ug=128#/pessoal/servidores;tabelas de arquivos das três seções com 587 linhas;"coleta exigiria extração de PDF; separação de folhas não observável";página consultada em 2026-09-15;2026-09-15
PA;TCE-PA;consolida por competência;direta;dez/2025: uma linha por servidor com colunas agregadas (remuneração paradigma, vantagens pessoais, auxílios, vantagens eventuais, descontos legais, retenção por teto, total líquido);nome (sem matrícula na tabela);ano (2019 a 2026), mês, situação (ativo/inativo), nome;"HTML; gravação de relatórios em formatos editáveis";acessível;nenhuma observada;consulta ASP.NET em iframe (abas servidores e membros);https://www.tcepa.tc.br/transparencia/gestao-de-pessoas/inicio-gestao-de-pessoas/remuneracao;https://www.tcepa.tc.br/NovaTransparencia/Pessoal/remuneracao.aspx (em iframe na página do Quadro 1);"consulta de dezembro/2025 sem filtro de folha; 13º incorporado às vantagens eventuais";"folha única por competência; ausência de matrícula dificulta a chave";página consultada em 2026-09-15;2026-09-15
PB;TCE-PB;consolida por competência (conteúdo não inspecionado);indireta (lista de períodos do formulário, sem resultado da consulta);"172 períodos, todos mensais (MM/AAAA), sem período de 13º ou complementar; um rótulo malformado ('06//201')";não verificado;período, natureza do cargo (à disposição, comissionados, efetivos, membros), cargo;HTML;acessível;lista de cargos carregada dinamicamente (não respondeu à automação);formulário com seleção de período, natureza e cargo;https://tce.pb.gov.br/folha-servidores/folha_pagamento.php;https://tce.pb.gov.br/folha-servidores/folha_pagamento.php;opções do seletor de período entre 2012 e 08/2026;folha única por competência, a confirmar no resultado da consulta;página consultada em 2026-09-15;2026-09-15
PE;TCE-PE;separa folhas;direta;'Tipo de Folha': Mensal, Adiantamento Décimo-Terceiro Salário, Décimo-Terceiro Salário;não verificado;ano (2012 a 2026), mês, situação (ativo/inativo), tipo de folha, nome;"HTML; CSV, PDF, XLSX, XML";"acessível (URL do Quadro 1 retorna 404; consulta em novo caminho)";nenhuma observada;formulário (ScriptCase) de vencimentos detalhados;https://www7.tcepe.tc.br/transparencia/folha/;https://www7.tcepe.tc.br/transparencia/folha/filtroConsultarVencimentosServidor/filtroConsultarVencimentosServidor.php;select 'tipofolha' com três opções;chave inclui tipo de folha (mensal, adiantamento e 13º);página consultada em 2026-09-15;2026-09-15
PI;TCE-PI;separa folhas;direta;"folha normal/mensal; Folha Inativos - Benefícios; Folha Complementar e seu resultado; Gratificação Natalina e adiantamentos de GN; 13º Salário; pagamento e adiantamento de BDC; indenizações (férias, licença compensatória, LP de membros); passivos de membros; PAE pensionistas";matrícula;competência (473 meses desde 1987), folha;"HTML; CSV, XLSX, TXT";acessível;nenhuma observada;página HTML com seletores de competência e folha (lista de folhas embutida em JavaScript);https://www.tcepi.tc.br/transparencia/gestao-de-pessoas/membros-e-servidores/demonstrativo-de-remuneracao/;https://www.tcepi.tc.br/transparencia/gestao-de-pessoas/membros-e-servidores/demonstrativo-de-remuneracao/;"todas as 473 competências têm lista de folhas; dez/2024 com 9 folhas e dez/2025 com 5; colunas incluem '13º Sal (R$)'";"chave inclui identificador da folha; tipologia extensa exige categorização";página consultada em 2026-09-15;2026-09-15
PR;TCE-PR;separa folhas;direta;"ordinária; Suplementar I a IV; 1ª e 2ª parcela do 13º; rótulos combinados '+ Suplementar' (sem dados na API); competência 13 (rejeitada pela API)";matrícula;período/folha, natureza funcional, lotação, cargo, nome;JSON (API), HTML;acessível;API rejeita competência 13 e devolve vazio para rótulos '+ Suplementar';API JSON pública consumida pela página;https://www1.tce.pr.gov.br/conteudo/remuneracoes-transparencia/246;https://www.tce.pr.gov.br/transparencia-do-tce-pr/pessoal/remuneracao.htm;"213 rótulos de período desde 07/2015; a partir de 2020, 144 rótulos, com 20 competências sem rótulo ordinário simples";chave inclui folha e natureza funcional;API consultada em 2026-09-15;2026-09-15
RJ;TCE-RJ;consolida por competência;direta;uma competência 'MM - AAAA' por servidor, com totais bruto, descontos e líquido;matrícula;nome/matrícula, cargo, carreira, órgão, local, admissão, desligamento;HTML;acessível;sessão com token na URL;consulta HTML (ASP.NET) por matrícula e mês;https://www.tcerj.tc.br/consulta-processo/ConsultaRemuneracao;https://www.tcerj.tc.br/portlet-portaltransparencia/;293.424 registros coletados (01/2020 a 12/2023), um por matrícula e competência;folha única por competência;dados coletados pelo pipeline;2026-09-15
RN;TCE-RN;separa folhas;direta;"'Folha de pagamento': 1 FOLHA MENSAL, 2 13° SALÁRIOS, 3 FOLHA SUPLEMENTAR, 21 AUXÍLIOS, 22 GRATIFICAÇÕES POR FUNÇÃO, 23 INDENIZAÇÕES; em 08/2026 aparece 'CONTRACHEQUE ÚNICO'";nome (tabela com admissão, lotação e cargo);categoria (servidores, conselheiros e procuradores, estagiários e bolsistas, inativos), mês, ano (2012 a 2026), folha de pagamento, nome;"HTML; CSV, XLSX, PDF";acessível (URL do Quadro 1 retorna 404);nenhuma observada;formulário ASP.NET MVC com tabela;https://www.tce.rn.gov.br/transparencia/servidores;https://www.tce.rn.gov.br/Transparencia/ConsultarRemuneracao;"opções de folha consultadas para dez/2025, jul/2025 e dez/2024; coluna 'Folha' com 'FOLHA MENSAL MM/AAAA'";chave inclui o código da folha;página consultada em 2026-09-15;2026-09-15
RO;TCE-RO;separa folhas;direta;"abr/2026: NORMAL (0), FÉRIAS E INDENIZAÇÕES (1), 1º FOLHA SUPLEMENTAR - PROCESSO 2207-2026 (20), 2º e 3º FOLHA SUPLEMENTAR - VERBAS RESCISÓRIAS (21, 22); de 2016 a 08/2021 havia consulta separada de folha suplementar";nome;ano (2021 a 2026), mês, tipo de folha, nome, cargo, situação (ativos, inativos);HTML;"acessível (URL do Quadro 1 leva ao site institucional; transparência em transparencia.tcero.tc.br)";endpoint de tipos de folha exige sessão da página;formulário da plataforma egesp (a mesma do TCDF) com tipo de folha obrigatório;https://www.tce.ro.gov.br/portal-da-transparencia/servidores;"https://egesp.tcero.tc.br/site/transparencia/rendimento_folha (09/2021 a 04/2026); rendimento_folha_consolidados (a partir de 05/2026)";"select 'Tipo de Folha' em abr/2026 com cinco folhas; links distintos por período de sistema";"chave inclui o código da folha; histórico dividido em três sistemas";página consultada em 2026-09-15;2026-09-15
RR;TCE-RR;separa folhas (13º como competência 13);direta;79 competências mensais, incluindo 13/2020 a 13/2025 para o 13º salário;nome;nome, cargo/função, competência;"HTML; CSV ou JSON (Quadro 1)";acessível;nenhuma observada;SPA com endpoints JSON (listarCompetencias, listarCargos, filtrar);https://transparencia.tcerr.tc.br/#/categorias/gestao-pessoal/servidor-remuneracao;https://transparencia.tcerr.tc.br/#/categorias/gestao-pessoal/servidor-remuneracao;"lista de competências do endpoint listarCompetencias; tabela com remuneração, proventos diversos, descontos, bruto, líquido e competência";competência 13 deve virar folha de 13º em dezembro (como no PR);página consultada em 2026-09-15;2026-09-15
RS;TCE-RS;consolida por competência;direta;período mensal com gratificação natalina (13º) e terço de férias como campos do mês;matrícula (na URL do detalhe);situação (ativos, inativos, exonerados), período;HTML;acessível;token de sessão nas URLs de detalhe;Oracle APEX (lista no servidor e detalhe por período);https://portal.tce.rs.gov.br/aplicprod/f?p=10200:1;https://portal.tce.rs.gov.br/aplicprod/f?p=10200:1;45.828 registros coletados (01/2020 a 02/2026), um por servidor e mês;"folha única por competência; matrícula extraída da URL";dados coletados pelo pipeline;2026-09-15
SC;TCE-SC;separa folhas;direta;Folha Normal (1), Décimo Terceiro (5), Estagiários/Residentes (7), Pensionistas (90);matrícula (no identificador matrícula##mês##ano##folha);mês, ano, categorias (ativo, inativo, pensionista, estagiário), nome;HTML, JSON;acessível;bloqueio temporário por excesso de requisições;consulta HTML e endpoint JSON do contracheque;https://servicos.tcesc.tc.br/contracheque_externo/index.php;https://servicos.tcesc.tc.br/contracheque_externo/index.php;"73.663 folhas coletadas (01/2020 a 03/2026); 5.221 casos de mais de uma folha por matrícula no mesmo mês";chave inclui o número da folha;dados coletados pelo pipeline;2026-09-15
SE;TCE-SE;consolida por competência;direta;linha mensal por servidor com colunas de gratificação natalina (13º), férias (1/3), remuneração eventual ou temporária e retroativas;matrícula;ano (2020 a 2026), mês, cargo, lotação, nome;"HTML; Excel, PDF, CSV, XML e outros (exportação do relatório)";acessível;relatório pesado (cerca de 7 MB por página);relatório SQL Server Reporting Services;https://www.tcese.tc.br/VisualizadorRelatorios/DetalhesFolha.aspx;https://www.tcese.tc.br/VisualizadorRelatorios/DetalhesFolha.aspx;"parâmetros do relatório sem tipo de folha; cabeçalho 'Detalhamento da Folha - Referência: 07/2026'";"folha única por competência; 13º identificável por coluna própria";página consultada em 2026-09-15;2026-09-15
SP;TCE-SP;consolida por competência;direta;colunas de 13º salário, desconto de 13º, férias e eventuais na mesma linha mensal;matrícula;ano, mês, situação, identificação (servidor, membro, residente), nome;HTML;acessível;nenhuma observada;tabela HTML paginada;https://www.tce.sp.gov.br/transparencia-tcesp/gestao-pessoas/remuneracao/tabela;https://www.tce.sp.gov.br/transparencia-tcesp/gestao-pessoas/remuneracao/tabela;189.711 registros coletados (01/2021 a 02/2026), um por matrícula e mês;folha única por competência;dados coletados pelo pipeline;2026-09-15
TO;TCE-TO;consolida por competência;direta;dez/2025: referência única '12/2025' por servidor, com rendimentos, descontos e líquido;nome;ano (2024 a 2026), mês, cargo efetivo, cargo em comissão/função, nome (ao menos um campo obrigatório);"HTML; CSV, PDF, XLSX";acessível;consulta exige nome ou cargo;"formulário com tabela e detalhe por servidor; páginas separadas para estagiários, pensionistas, membros aposentados e membros antes/depois de 08/2026";https://transparencia.tceto.tc.br/folhapagamento;https://transparencia.tceto.tc.br/folhapagamento;25 auditores em dez/2025, todos com referência 12/2025 e sem nomes repetidos;folha única por competência;página consultada em 2026-09-15;2026-09-15
